id,guppy,danio_rerio,botia,ancistrus,neon,pangio_kuhli,scalaire,gourami,betta
botia,7.293463498353958,0.18787247827276587,86.81251406669617,1.8589029088616371,0.013141529052518308,3.7350017577409744,0.06737641524523497,0.023088684247341007,0.008636238635517657
