id,guppy,danio_rerio,botia,ancistrus,neon,pangio_kuhli,scalaire,gourami,betta
newImage,0.00014297606867330614,1.0414195728003506e-06,8.473854506974021e-07,0.00024022024263103958,5.805349090337586e-06,7.366135434949683e-06,0.0025713550712680444,2.721671421568317e-05,99.99699592590332
