id,guppy,danio_rerio,botia,ancistrus,neon,pangio_kuhli,scalaire,gourami,betta
newImage,0.11646378552541137,3.424144665586937e-05,0.1652372651733458,0.03934771229978651,4.8333424729207763e-05,99.67240691184998,0.0024424232833553106,0.0003246576170568005,0.0036822064430452883
